METRO 1;Château de Vincennes;48.84445639364827,2.4404399780572463;METRO 1:Bérault
METRO 1;Bérault;48.84547070666273,2.429205166348;METRO 1:Château de Vincennes,Saint-Mandé
METRO 1;Saint-Mandé;48.846423076366186,2.4187597866986716;METRO 1:Bérault,Porte de Vincennes
METRO 1;Porte de Vincennes;48.84733558369407,2.4080894072360945;TRAM 3a:,TRAM 3b:,METRO 1:Saint-Mandé,Nation
METRO 1;Nation;48.847579366556246,2.3955545121706874;METRO 2:,METRO 6:,METRO 9:,METRO 1:Porte de Vincennes,Reuilly-Diderot
METRO 1;Reuilly-Diderot;48.84717990914875,2.3852437151150725;METRO 8:,METRO 1:Nation,Gare de Lyon
METRO 1;Gare de Lyon;48.845868977765356,2.3737744225638346;METRO 14:,METRO 1:Reuilly-Diderot,Bastille
METRO 1;Bastille;48.85200902959972,2.36867458439179;METRO 5:,METRO 8:,METRO 1:Gare de Lyon,Saint-Paul
METRO 1;Saint-Paul;48.855236251881564,2.3609564900238285;METRO 1:Bastille,Hôtel de Ville
METRO 1;Hôtel de Ville;48.85747798160854,2.351577562994996;METRO 11:,METRO 1:Saint-Paul,Châtelet
METRO 1;Châtelet;48.85928732425013,2.345803056189527;METRO 4:,METRO 7:,METRO 11:,METRO 14:,METRO 1:Hôtel de Ville,Louvre-Rivoli
METRO 1;Louvre-Rivoli;48.8608062903513,2.3411085916340673;METRO 1:Châtelet,Palais Royal - Musée du Louvre
METRO 1;Palais Royal - Musée du Louvre;48.86234802991946,2.336496460942477;METRO 7:,METRO 1:Louvre-Rivoli,Tuileries
METRO 1;Tuileries;48.86434377781312,2.330129877112861;METRO 1:Palais Royal - Musée du Louvre,Concorde
METRO 1;Concorde;48.86628580366308,2.3229434122435415;METRO 8:,METRO 12:,METRO 1:Tuileries,Champs-Élysées - Clemenceau
METRO 1;Champs-Élysées - Clemenceau;48.867905343976304,2.313545549946742;METRO 13:,METRO 1:Concorde,Franklin D. Roosevelt
METRO 1;Franklin D. Roosevelt;48.86943888073832,2.3086074935262557;METRO 9:,METRO 1:Champs-Élysées - Clemenceau,George V
METRO 1;George V;48.87202380947895,2.3005604512367204;METRO 1:Franklin D. Roosevelt,Charles De Gaulle-Étoile
METRO 1;Charles De Gaulle-Étoile;48.87514981880684,2.295904904713175;METRO 2:,METRO 6:,METRO 1:George V,Argentine
METRO 1;Argentine;48.87533684119576,2.2901275088247006;METRO 1:Charles De Gaulle-Étoile,Porte Maillot
METRO 1;Porte Maillot;48.87755125088347,2.283162242230229;METRO 1:Argentine,Les Sablons
METRO 1;Les Sablons;48.881016496570346,2.2722389406110572;METRO 1:Porte Maillot,Pont de Neuilly
METRO 1;Pont de Neuilly;48.8847082004102,2.260515079251701;METRO 1:Les Sablons,Esplanade de la Défense
METRO 1;Esplanade de la Défense;48.88813847669144,2.2497927690097654;METRO 1:Pont de Neuilly,La Défense
METRO 1;La Défense;48.89218707552876,2.237018056395013;TRAM 2:,METRO 1:Esplanade de la Défense
METRO 2;Nation;48.84847428505352,2.3950623054258804;METRO 1:,METRO 6:,METRO 9:,METRO 2:Avron
METRO 2;Avron;48.85190531803609,2.3979973148307456;METRO 2:Nation,Alexandre Dumas
METRO 2;Alexandre Dumas;48.85622809033533,2.394675654792046;METRO 2:Avron,Philippe Auguste
METRO 2;Philippe Auguste;48.8580622608416,2.390860952323608;METRO 2:Alexandre Dumas,Père Lachaise
METRO 2;Père Lachaise;48.86218374695646,2.3878359564536575;METRO 3:,METRO 2:Philippe Auguste,Ménilmontant
METRO 2;Ménilmontant;48.86644680514624,2.3835991095736575;METRO 2:Père Lachaise,Couronnes
METRO 2;Couronnes;48.86909116110492,2.380542586000037;METRO 2:Ménilmontant,Belleville
METRO 2;Belleville;48.872283108007224,2.37673072170184;METRO 11:,METRO 2:Couronnes,Colonel Fabien
METRO 2;Colonel Fabien;48.877610186497066,2.370811395312745;METRO 2:Belleville,Jaurès
METRO 2;Jaurès;48.881624028070014,2.3702590567553905;METRO 5:,METRO 7bis:,METRO 2:Colonel Fabien,Stalingrad
METRO 2;Stalingrad;48.88428414933576,2.365821546282089;METRO 5:,METRO 7:,METRO 2:Jaurès,La Chapelle
METRO 2;La Chapelle;48.88439967614453,2.3603995008087324;METRO 2:Stalingrad,Barbès-Rochechouart
METRO 2;Barbès-Rochechouart;48.88380394148038,2.350612999325322;METRO 4:,METRO 2:La Chapelle,Anvers
METRO 2;Anvers;48.88297276690652,2.3446670737483;METRO 2:Barbès-Rochechouart,Pigalle
METRO 2;Pigalle;48.882225433007804,2.3382334685046176;METRO 12:,METRO 2:Anvers,Blanche
METRO 2;Blanche;48.88355628924793,2.333379672422159;METRO 2:Pigalle,Place de Clichy
METRO 2;Place de Clichy;48.88399982397537,2.3285301398903795;METRO 13:,METRO 2:Blanche,Rome
METRO 2;Rome;48.88233342278627,2.3218017310631685;METRO 2:Place de Clichy,Villiers
METRO 2;Villiers;48.8810944262455,2.3147210047461946;METRO 3:,METRO 2:Rome,Monceau
METRO 2;Monceau;48.88032518555328,2.3087738359558068;METRO 2:Villiers,Courcelles
METRO 2;Courcelles;48.879329787761506,2.3040703912187603;METRO 2:Monceau,Ternes
METRO 2;Ternes;48.877972700498795,2.2983103737615287;METRO 2:Courcelles,Charles De Gaulle-Étoile
METRO 2;Charles De Gaulle-Étoile;48.87481054020211,2.2958012223518693;METRO 1:,METRO 6:,METRO 2:Ternes,Victor Hugo
METRO 2;Victor Hugo;48.869798555539916,2.2853350946861695;METRO 2:Charles De Gaulle-Étoile,Porte Dauphine
METRO 2;Porte Dauphine;48.87146657721511,2.2770830184157247;METRO 2:Victor Hugo
METRO 3;Gallieni;48.86533531723949,2.4166972728476406;METRO 3:Porte de Bagnolet
METRO 3;Porte de Bagnolet;48.86460037245484,2.408031037075815;TRAM 3b:,METRO 3:Gallieni,Gambetta
METRO 3;Gambetta;48.864978106956926,2.3969128470866266;METRO 3bis:,METRO 3:Porte de Bagnolet,Père Lachaise
METRO 3;Père Lachaise;48.863123213721266,2.3858824493261475;METRO 2:,METRO 3:Gambetta,Rue Saint-Maur
METRO 3;Rue Saint-Maur;48.86428575772448,2.3797418931775542;METRO 3:Père Lachaise,Parmentier
METRO 3;Parmentier;48.865253785133525,2.3745819699964126;METRO 3:Rue Saint-Maur,République
METRO 3;République;48.86702678755358,2.364247995104706;METRO 5:,METRO 8:,METRO 9:,METRO 11:,METRO 3:Parmentier,Temple
METRO 3;Temple;48.8665144608222,2.360803503275269;METRO 3:République,Arts et Métiers
METRO 3;Arts et Métiers;48.8655864775782,2.356736756794993;METRO 11:,METRO 3:Temple,Réaumur Sébastopol
METRO 3;Réaumur Sébastopol;48.866496342869404,2.3513589155329924;METRO 4:,METRO 3:Arts et Métiers,Sentier
METRO 3;Sentier;48.86751302407767,2.346552336353211;METRO 3:Réaumur Sébastopol,Bourse
METRO 3;Bourse;48.86865415091546,2.3413760511435733;METRO 3:Sentier,Quatre Septembre
METRO 3;Quatre Septembre;48.86963799596638,2.336232756868916;METRO 3:Bourse,Opéra
METRO 3;Opéra;48.87130850208495,2.3314939870870908;METRO 7:,METRO 8:,METRO 3:Quatre Septembre,Havre-Caumartin
METRO 3;Havre-Caumartin;48.87351338867468,2.327543081726971;METRO 9:,METRO 3:Opéra,Saint-Lazare
METRO 3;Saint-Lazare;48.87515128698943,2.324380555428912;METRO 12:,METRO 13:,METRO 14:,METRO 3:Havre-Caumartin,Europe
METRO 3;Europe;48.87877036666682,2.3222652131305974;METRO 3:Saint-Lazare,Villiers
METRO 3;Villiers;48.8810944262455,2.3147210047461946;METRO 2:,METRO 3:Europe,Malesherbes
METRO 3;Malesherbes;48.882891916533374,2.309052264550479;METRO 3:Villiers,Wagram
METRO 3;Wagram;48.88380920031262,2.304674440528396;METRO 3:Malesherbes,Pereire-Levallois
METRO 3;Pereire-Levallois;48.88489625422978,2.2977243464801775;METRO 3:Wagram,Porte de Champerret
METRO 3;Porte de Champerret;48.88600615058625,2.293529966337255;METRO 3:Pereire-Levallois,Louise Michel
METRO 3;Louise Michel;48.888706018854414,2.2880836330485037;METRO 3:Porte de Champerret,Anatole France
METRO 3;Anatole France;48.89208278504593,2.2850095013824143;METRO 3:Louise Michel,Pont de Levallois
METRO 3;Pont de Levallois;48.897154095044165,2.280413812210846;METRO 3:Anatole France
METRO 4;Bagneux - Lucie Aubrac;48.80348971800446,2.3173602968975313;METRO 4:Barbara
METRO 4;Barbara;48.80970399661239,2.3174491879233723;METRO 4:Bagneux - Lucie Aubrac,Mairie de Montrouge
METRO 4;Mairie de Montrouge;48.8186764089917,2.319740313298556;METRO 4:Barbara,Porte d'Orléans
METRO 4;Porte d'Orléans;48.8234116280665,2.3255756362122453;TRAM 3a:,METRO 4:Mairie de Montrouge,Alésia
METRO 4;Alésia;48.828188475392636,2.3271646496078238;METRO 4:Porte d'Orléans,Mouton-Duvernet
METRO 4;Mouton-Duvernet;48.83111265945444,2.329705012620184;METRO 4:Alésia,Denfert-Rochereau
METRO 4;Denfert-Rochereau;48.83345085729264,2.331740130985349;METRO 6:,METRO 4:Mouton-Duvernet,Raspail
METRO 4;Raspail;48.838964279789714,2.3307541920862165;METRO 6:,METRO 4:Denfert-Rochereau,Vavin
METRO 4;Vavin;48.842218412692674,2.3290089262354026;METRO 4:Raspail,Montparnasse-Bienvenüe
METRO 4;Montparnasse-Bienvenüe;48.843781304815,2.3243970123857944;METRO 6:,METRO 12:,METRO 13:,METRO 4:Vavin,Saint-Placide
METRO 4;Saint-Placide;48.8468782379306,2.3267927850276813;METRO 4:Montparnasse-Bienvenüe,Saint-Sulpice
METRO 4;Saint-Sulpice;48.85107136945117,2.330700709954214;METRO 4:Saint-Placide,Odéon
METRO 4;Odéon;48.852300762173414,2.3397277815930964;METRO 10:,METRO 4:Saint-Sulpice,Saint-Michel
METRO 4;Saint-Michel;48.85316798396978,2.343285978923924;METRO 4:Odéon,Saint-Germain-des-Prés,METRO 10:Cluny La Sorbonne
METRO 4;Saint-Germain-des-Prés;48.85371893307937,2.3337761382184667;METRO 4:Saint-Michel,Cité
METRO 4;Cité;48.85493637743783,2.3473213170674256;METRO 4:Saint-Germain-des-Prés,Châtelet
METRO 4;Châtelet;48.859718661074396,2.3467682857366987;METRO 1:,METRO 7:,METRO 11:,METRO 14:,METRO 4:Cité,Les Halles
METRO 4;Les Halles;48.86251523405467,2.3457858600391805;METRO 4:Châtelet,Étienne Marcel
METRO 4;Étienne Marcel;48.86397247789646,2.3496175641598405;METRO 4:Les Halles,Réaumur Sébastopol
METRO 4;Réaumur Sébastopol;48.866733555035886,2.3528294612543945;METRO 3:,METRO 4:Étienne Marcel,Strasbourg-Saint-Denis
METRO 4;Strasbourg-Saint-Denis;48.869628862857695,2.3544688131082085;METRO 8:,METRO 9:,METRO 4:Réaumur Sébastopol,Château d'Eau
METRO 4;Château d'Eau;48.87262083900738,2.3561539474503395;METRO 4:Strasbourg-Saint-Denis,Gare de l'Est
METRO 4;Gare de l'Est;48.875991063886424,2.357880771925327;METRO 5:,METRO 7:,METRO 4:Château d'Eau,Gare du Nord
METRO 4;Gare du Nord;48.87979369319552,2.355791907531139;METRO 5:,METRO 4:Gare de l'Est,Barbès-Rochechouart
METRO 4;Barbès-Rochechouart;48.88341808760583,2.3496748325822026;METRO 2:,METRO 4:Gare du Nord,Château Rouge
METRO 4;Château Rouge;48.88671096712059,2.349559430194618;METRO 4:Barbès-Rochechouart,Marcadet-Poissonniers
METRO 4;Marcadet-Poissonniers;48.89143955396165,2.349627158227453;METRO 12:,METRO 4:Château Rouge,Simplon
METRO 4;Simplon;48.89434384792168,2.3474307799602054;METRO 4:Marcadet-Poissonniers,Porte de Clignancourt
METRO 4;Porte de Clignancourt;48.89740222197736,2.3448477487523984;TRAM 3b:,METRO 4:Simplon
METRO 5;Place d'Italie;48.83097267206749,2.3555802740779113;METRO 6:,METRO 7:,METRO 5:Campo Formio
METRO 5;Campo Formio;48.83515253481994,2.3585662563494667;METRO 5:Place d'Italie,Saint-Marcel
METRO 5;Saint-Marcel;48.83842729604672,2.3609671676988553;METRO 5:Campo Formio,Gare d'Austerlitz
METRO 5;Gare d'Austerlitz;48.84236008154608,2.3655817027477433;METRO 10:,METRO 5:Saint-Marcel,Quai de la Rapée
METRO 5;Quai de la Rapée;48.84648464964935,2.3659101068529793;METRO 5:Gare d'Austerlitz,Bastille
METRO 5;Bastille;48.853082,2.369077;METRO 1:,METRO 8:,METRO 5:Quai de la Rapée,Bréguet-Sabin
METRO 5;Bréguet-Sabin;48.85614071023419,2.370209339755372;METRO 5:Bastille,Richard Lenoir
METRO 5;Richard Lenoir;48.85987362255053,2.3719139801008375;METRO 5:Bréguet-Sabin,Oberkampf
METRO 5;Oberkampf;48.86496414485847,2.3679014148417363;METRO 9:,METRO 5:Richard Lenoir,République
METRO 5;République;48.86782709880618,2.363740437195039;METRO 3:,METRO 8:,METRO 9:,METRO 11:,METRO 5:Oberkampf,Jacques Bonsergent
METRO 5;Jacques Bonsergent;48.870396388304066,2.361400210432777;METRO 5:République,Gare de l'Est
METRO 5;Gare de l'Est;48.87612635202814,2.358047505360746;METRO 4:,METRO 7:,METRO 5:Jacques Bonsergent,Gare du Nord
METRO 5;Gare du Nord;48.880195486215136,2.357633204680054;METRO 4:,METRO 5:Gare de l'Est,Stalingrad
METRO 5;Stalingrad;48.88432566212722,2.3673720385654686;METRO 2:,METRO 7:,METRO 5:Gare du Nord,Jaurès
METRO 5;Jaurès;48.88319332037934,2.3719331286142946;METRO 2:,METRO 7bis:,METRO 5:Stalingrad,Laumière
METRO 5;Laumière;48.88497056184544,2.378716923224645;METRO 5:Jaurès,Ourcq
METRO 5;Ourcq;48.886856930581125,2.3859131742732758;METRO 5:Laumière,Porte de Pantin
METRO 5;Porte de Pantin;48.88841747784708,2.3917844509634323;TRAM 3b:,METRO 5:Ourcq,Hoche
METRO 5;Hoche;48.89122859228272,2.402352143900473;METRO 5:Porte de Pantin,Église de Pantin
METRO 5;Église de Pantin;48.89314998483909,2.4127630445476274;METRO 5:Hoche,Bobigny-Pantin - Raymond Queneau
METRO 5;Bobigny-Pantin - Raymond Queneau;48.89545467213198,2.4253268901662555;METRO 5:Église de Pantin,Bobigny Pablo Picasso
METRO 5;Bobigny Pablo Picasso;48.906374770248576,2.449189904479336;TRAM 1:,METRO 5:Bobigny-Pantin - Raymond Queneau
METRO 6;Nation;48.84737487780852,2.3954619948327402;METRO 1:,METRO 2:,METRO 9:,METRO 6:Picpus
METRO 6;Picpus;48.845061579024055,2.401289019827348;METRO 6:Nation,Bel-Air
METRO 6;Bel-Air;48.84133824821127,2.4009185367798023;METRO 6:Picpus,Daumesnil
METRO 6;Daumesnil;48.83954964464782,2.395703289436393;METRO 8:,METRO 6:Bel-Air,Dugommier
METRO 6;Dugommier;48.8390411427931,2.389620014061439;METRO 6:Daumesnil,Bercy
METRO 6;Bercy;48.84038874717503,2.3799112714543984;METRO 14:,METRO 6:Dugommier,Quai de la Gare
METRO 6;Quai de la Gare;48.837045119237075,2.372825724542572;METRO 6:Bercy,Chevaleret
METRO 6;Chevaleret;48.83494772233368,2.36812633041321;METRO 6:Quai de la Gare,Nationale
METRO 6;Nationale;48.833216718788975,2.3628563995190115;METRO 6:Chevaleret,Place d'Italie
METRO 6;Place d'Italie;48.83092724007963,2.356121938797104;METRO 5:,METRO 7:,METRO 6:Nationale,Corvisart
METRO 6;Corvisart;48.82979051277208,2.3504148720104636;METRO 6:Place d'Italie,Glacière
METRO 6;Glacière;48.83112954710577,2.3435116577497763;METRO 6:Corvisart,Saint-Jacques
METRO 6;Saint-Jacques;48.83290081473939,2.3371351933439004;METRO 6:Glacière,Denfert-Rochereau
METRO 6;Denfert-Rochereau;48.83429297955232,2.33285230996089;METRO 4:,METRO 6:Saint-Jacques,Raspail
METRO 6;Raspail;48.838964279789714,2.3307541920862165;METRO 4:,METRO 6:Denfert-Rochereau,Edgar Quinet
METRO 6;Edgar Quinet;48.8406632283787,2.3263846107928465;METRO 6:Raspail,Montparnasse-Bienvenüe
METRO 6;Montparnasse-Bienvenüe;48.842102206287755,2.3212785627446273;METRO 4:,METRO 12:,METRO 13:,METRO 6:Edgar Quinet,Pasteur
METRO 6;Pasteur;48.84267681906289,2.312812774836902;METRO 12:,METRO 6:Montparnasse-Bienvenüe,Sèvres-Lecourbe
METRO 6;Sèvres-Lecourbe;48.84562696582634,2.309531491460944;METRO 6:Pasteur,Cambronne
METRO 6;Cambronne;48.84750708107597,2.3029682978173143;METRO 6:Sèvres-Lecourbe,La Motte Picquet-Grenelle
METRO 6;La Motte Picquet-Grenelle;48.84874166479698,2.2989309117480614;METRO 8:,METRO 10:,METRO 6:Cambronne,Dupleix
METRO 6;Dupleix;48.850434548092586,2.2936124371878033;METRO 6:La Motte Picquet-Grenelle,Bir-Hakeim
METRO 6;Bir-Hakeim;48.85394260529295,2.289334532778807;METRO 6:Dupleix,Passy
METRO 6;Passy;48.857448689155014,2.2858124441464076;METRO 6:Bir-Hakeim,Trocadéro
METRO 6;Trocadéro;48.863610936724875,2.2875801625296517;METRO 9:,METRO 6:Passy,Boissière
METRO 6;Boissière;48.86698310852867,2.2900588335804875;METRO 6:Trocadéro,Kléber
METRO 6;Kléber;48.871262143540164,2.2932406499473137;METRO 6:Boissière,Charles De Gaulle-Étoile
METRO 6;Charles De Gaulle-Étoile;48.874748649759134,2.2955602562131467;METRO 1:,METRO 2:,METRO 6:Kléber
METRO 7;La Courneuve 8 Mai 1945;48.920785968142226,2.4105986164694255;TRAM 1:,METRO 7:Fort d'Aubervilliers
METRO 7;Fort d'Aubervilliers;48.91494975635556,2.4044090887818643;METRO 7:La Courneuve 8 Mai 1945,Aubervilliers Pantin - Quatre Chemins
METRO 7;Aubervilliers Pantin - Quatre Chemins;48.90378388013124,2.3922212225351167;METRO 7:Fort d'Aubervilliers,Porte de la Villette
METRO 7;Porte de la Villette;48.89738989066117,2.385508387668673;TRAM 3b:,METRO 7:Aubervilliers Pantin - Quatre Chemins,Corentin Cariou
METRO 7;Corentin Cariou;48.89465585741259,2.382160158371538;METRO 7:Porte de la Villette,Crimée
METRO 7;Crimée;48.89090644863742,2.3770904390888754;METRO 7:Corentin Cariou,Riquet
METRO 7;Riquet;48.887967560829054,2.3734568878525493;METRO 7:Crimée,Stalingrad
METRO 7;Stalingrad;48.88479825106332,2.3695808555778295;METRO 2:,METRO 5:,METRO 7:Riquet,Louis Blanc
METRO 7;Louis Blanc;48.880946562639984,2.3649934724001818;METRO 7bis:,METRO 7:Stalingrad,Château-Landon
METRO 7;Château-Landon;48.87844429947368,2.3619653022299603;METRO 7:Louis Blanc,Poissonnière
METRO 7;Poissonnière;48.877100184877875,2.3487755574768467;METRO 7:Château-Landon,Gare de l'Est
METRO 7;Gare de l'Est;48.876272701683305,2.3580579070747385;METRO 4:,METRO 5:,METRO 7:Poissonnière,Cadet
METRO 7;Cadet;48.8760085928912,2.3445724820893283;METRO 7:Gare de l'Est,Le Peletier
METRO 7;Le Peletier;48.874971744622414,2.3405759820437195;METRO 7:Cadet,Chaussée d'Antin - La Fayette
METRO 7;Chaussée d'Antin - La Fayette;48.87325274556357,2.3339466825286292;METRO 7:Le Peletier,Opéra
METRO 7;Opéra;48.86993903426575,2.332592489355912;METRO 3:,METRO 8:,METRO 7:Chaussée d'Antin - La Fayette,Pyramides
METRO 7;Pyramides;48.86573786574573,2.3344377148655506;METRO 14:,METRO 7:Opéra,Palais Royal - Musée du Louvre
METRO 7;Palais Royal - Musée du Louvre;48.862829670984965,2.3368784003341996;METRO 1:,METRO 7:Pyramides,Pont Neuf
METRO 7;Pont Neuf;48.85855382544588,2.342232759368107;METRO 7:Palais Royal - Musée du Louvre,Châtelet
METRO 7;Châtelet;48.8569427352387,2.348147481005499;METRO 1:,METRO 4:,METRO 11:,METRO 14:,METRO 7:Pont Neuf,Pont Marie
METRO 7;Pont Marie;48.85357547158278,2.3571625716183373;METRO 7:Châtelet,Sully-Morland
METRO 7;Sully-Morland;48.85162059004817,2.3615249655078383;METRO 7:Pont Marie,Jussieu
METRO 7;Jussieu;48.8459506648293,2.3550502644347535;METRO 10:,METRO 7:Sully-Morland,Place Monge
METRO 7;Place Monge;48.84286682976181,2.3522247281830837;METRO 7:Jussieu,Censier-Daubenton
METRO 7;Censier-Daubenton;48.8402338354079,2.3516064753021904;METRO 7:Place Monge,Les Gobelins
METRO 7;Les Gobelins;48.835930301957994,2.352542266262702;METRO 7:Censier-Daubenton,Place d'Italie
METRO 7;Place d'Italie;48.83143362921169,2.3556436430337104;METRO 5:,METRO 6:,METRO 7:Les Gobelins,Tolbiac
METRO 7;Tolbiac;48.826426009954794,2.3572456507586854;METRO 7:Place d'Italie,Maison Blanche
METRO 7;Maison Blanche;48.822182657635686,2.358551348202204;METRO 7:Tolbiac,Porte d'Italie,Le Kremlin-Bicêtre
METRO 7;Porte d'Italie;48.81922334868816,2.359705216746021;TRAM 3a:,METRO 7:Maison Blanche,Porte de Choisy
METRO 7;Porte de Choisy;48.81987622013623,2.364531953109201;TRAM 3a:,TRAM 9:,METRO 7:Porte d'Italie,Porte d'Ivry
METRO 7;Porte d'Ivry;48.82135578289321,2.36929058734603;TRAM 3a:,METRO 7:Porte de Choisy,Pierre et Marie Curie
METRO 7;Pierre et Marie Curie;48.815930762135416,2.377267201513739;METRO 7:Porte d'Ivry,Mairie d'Ivry
METRO 7;Mairie d'Ivry;48.8105208033638,2.3842896009608214;METRO 7:Pierre et Marie Curie
METRO 7;Le Kremlin-Bicêtre;48.810129956353,2.362263387127349;METRO 7:Maison Blanche,Villejuif - Léo Lagrange
METRO 7;Villejuif - Léo Lagrange;48.804688119990445,2.363953196602165;METRO 7:Le Kremlin-Bicêtre,Villejuif Paul Vaillant-Couturier
METRO 7;Villejuif Paul Vaillant-Couturier;48.79648308362958,2.368269540049694;METRO 7:Villejuif - Léo Lagrange,Villejuif - Louis Aragon
METRO 7;Villejuif - Louis Aragon;48.787562792024694,2.367804105603498;TRAM 7:,METRO 7:Villejuif Paul Vaillant-Couturier
METRO 7bis;Louis Blanc;48.88119211815024,2.3643787411797472;METRO 7:,METRO 7bis:Jaurès
METRO 7bis;Jaurès;48.8824652446513,2.370157961739611;METRO 2:,METRO 5:,METRO 7bis:Louis Blanc,Bolivar
METRO 7bis;Bolivar;48.88066746253543,2.3744959662604246;METRO 7bis:Jaurès,Buttes-Chaumont
METRO 7bis;Buttes-Chaumont;48.87851411310307,2.3816145119289653;METRO 7bis:Bolivar,Botzaris
METRO 7bis;Botzaris;48.87949310701282,2.3885668704791967;METRO 7bis:Buttes-Chaumont,Place des Fêtes
METRO 7bis;Place des Fêtes;48.87694984718945,2.3929839648173936;METRO 11:,METRO 7bis:Pré-Saint-Gervais
METRO 7bis;Pré-Saint-Gervais;48.88027195610877,2.3984681722681724;TRAM 3b:,METRO 7bis:Danube
METRO 7bis;Danube;48.881816107266076,2.3940123983593637;METRO 7bis:Botzaris
METRO 8;Créteil - Pointe du Lac;48.76881073328507,2.4642800705433574;METRO 8:Créteil-Préfecture
METRO 8;Créteil-Préfecture;48.780002827987595,2.4593631290764044;METRO 8:Créteil - Pointe du Lac,Créteil-Université
METRO 8;Créteil-Université;48.789920465968464,2.4505115282905905;METRO 8:Créteil-Préfecture,Créteil-L’Échat
METRO 8;Créteil-L’Échat;48.79668213407592,2.4494128051458075;METRO 8:Créteil-Université,Maisons-Alfort-Les Juilliottes
METRO 8;Maisons-Alfort-Les Juilliottes;48.80335523612997,2.4455741010301444;METRO 8:Créteil-L’Échat,Maisons-Alfort-Stade
METRO 8;Maisons-Alfort-Stade;48.80914436091449,2.43450989592394;METRO 8:Maisons-Alfort-Les Juilliottes,École Vétérinaire de Maisons-Alfort
METRO 8;École Vétérinaire de Maisons-Alfort;48.81480300607956,2.4223761428456223;METRO 8:Maisons-Alfort-Stade,Charenton-Écoles
METRO 8;Charenton-Écoles;48.8218979385137,2.4131329383427076;METRO 8:École Vétérinaire de Maisons-Alfort,Liberté
METRO 8;Liberté;48.82662006454262,2.405851943981902;METRO 8:Charenton-Écoles,Porte de Charenton
METRO 8;Porte de Charenton;48.832736700833905,2.4003104030250775;TRAM 3a:,METRO 8:Liberté,Porte Dorée
METRO 8;Porte Dorée;48.83478515716054,2.405383210626772;TRAM 3a:,METRO 8:Porte de Charenton,Michel Bizot
METRO 8;Michel Bizot;48.83711700606785,2.402333164555185;METRO 8:Porte Dorée,Daumesnil
METRO 8;Daumesnil;48.83944542745866,2.396182886452633;METRO 6:,METRO 8:Michel Bizot,Montgallet
METRO 8;Montgallet;48.84406559638709,2.390482133980388;METRO 8:Daumesnil,Reuilly-Diderot
METRO 8;Reuilly-Diderot;48.84712872131979,2.3870252420986318;METRO 1:,METRO 8:Montgallet,Faidherbe Chaligny
METRO 8;Faidherbe Chaligny;48.85017786187885,2.384092210055667;METRO 8:Reuilly-Diderot,Ledru Rollin
METRO 8;Ledru Rollin;48.851523707513536,2.3751010337556164;METRO 8:Faidherbe Chaligny,Bastille
METRO 8;Bastille;48.85343942664758,2.3695135681565254;METRO 1:,METRO 5:,METRO 8:Ledru Rollin,Chemin Vert
METRO 8;Chemin Vert;48.85710325723393,2.3681841149506995;METRO 8:Bastille,Saint-Sébastien-Froissart
METRO 8;Saint-Sébastien-Froissart;48.8611688636749,2.3672108677856154;METRO 8:Chemin Vert,Filles du Calvaire
METRO 8;Filles du Calvaire;48.86325794403809,2.3666610933534518;METRO 8:Saint-Sébastien-Froissart,République
METRO 8;République;48.86760087918165,2.362757380002763;METRO 3:,METRO 5:,METRO 9:,METRO 11:,METRO 8:Filles du Calvaire,Strasbourg-Saint-Denis
METRO 8;Strasbourg-Saint-Denis;48.869402195734736,2.35381879359288;METRO 4:,METRO 9:,METRO 8:République,Bonne Nouvelle
METRO 8;Bonne Nouvelle;48.87059047709034,2.3484911310789887;METRO 8:Strasbourg-Saint-Denis,Grands Boulevards
METRO 8;Grands Boulevards;48.87125654502105,2.3445610606627296;METRO 8:Bonne Nouvelle,Richelieu-Drouot
METRO 8;Richelieu-Drouot;48.871692983649915,2.338463081008744;METRO 9:,METRO 8:Grands Boulevards,Opéra
METRO 8;Opéra;48.87048333200582,2.331186346851652;METRO 3:,METRO 7:,METRO 8:Richelieu-Drouot,Madeleine
METRO 8;Madeleine;48.86963317210412,2.3262722740277484;METRO 12:,METRO 14:,METRO 8:Opéra,Concorde
METRO 8;Concorde;48.8668183689293,2.3220828486761693;METRO 1:,METRO 12:,METRO 8:Madeleine,Invalides
METRO 8;Invalides;48.86038127827736,2.3148907300588806;METRO 13:,METRO 8:Concorde,La Tour Maubourg
METRO 8;La Tour Maubourg;48.85772541197265,2.310565960946845;METRO 8:Invalides,École Militaire
METRO 8;École Militaire;48.85489056595776,2.3064034857365168;METRO 8:La Tour Maubourg,La Motte Picquet-Grenelle
METRO 8;La Motte Picquet-Grenelle;48.84957521298872,2.2986251271448745;METRO 6:,METRO 10:,METRO 8:École Militaire,Commerce
METRO 8;Commerce;48.84479476279097,2.2939519636487176;METRO 8:La Motte Picquet-Grenelle,Félix Faure
METRO 8;Félix Faure;48.84274677887205,2.291912413317875;METRO 8:Commerce,Boucicaut
METRO 8;Boucicaut;48.841094056328046,2.287945766487378;METRO 8:Félix Faure,Lourmel
METRO 8;Lourmel;48.8387348579159,2.282143378170891;METRO 8:Boucicaut,Balard
METRO 8;Balard;48.83629530062164,2.2783302598660247;TRAM 2:,TRAM 3a:,METRO 8:Lourmel
METRO 9;Pont de Sèvres;48.829746119073434,2.231028100202621;TRAM 2:,METRO 9:Billancourt
METRO 9;Billancourt;48.8317379634496,2.2374367869806067;METRO 9:Pont de Sèvres,Marcel Sembat
METRO 9;Marcel Sembat;48.83362878013329,2.24357862873933;METRO 9:Billancourt,Porte de Saint-Cloud
METRO 9;Porte de Saint-Cloud;48.837961213515456,2.2571222298326203;METRO 9:Marcel Sembat,Exelmans
METRO 9;Exelmans;48.84241276943786,2.259608472752572;METRO 9:Porte de Saint-Cloud,Michel Ange-Molitor
METRO 9;Michel Ange-Molitor;48.84505817139289,2.2617451249636713;METRO 10:GARE d'Austerlitz,METRO 9:Exelmans,Michel Ange-Auteuil
METRO 9;Michel Ange-Auteuil;48.8478956492876,2.2640820307462217;METRO 10:Boulogne,METRO 9:Michel Ange-Molitor,Jasmin
METRO 9;Jasmin;48.85250409059135,2.268176749423331;METRO 9:Michel Ange-Auteuil,Ranelagh
METRO 9;Ranelagh;48.85548504948359,2.2701091389418933;METRO 9:Jasmin,La Muette
METRO 9;La Muette;48.85804605446367,2.2741546297365587;METRO 9:Ranelagh,Rue de la Pompe
METRO 9;Rue de la Pompe;48.86394012977459,2.2784416488331494;METRO 9:La Muette,Trocadéro
METRO 9;Trocadéro;48.86306501929713,2.286243169328236;METRO 6:,METRO 9:Rue de la Pompe,Iéna
METRO 9;Iéna;48.86479406397939,2.2941620153942788;METRO 9:Trocadéro,Alma-Marceau
METRO 9;Alma-Marceau;48.86476684405098,2.3009910034955845;METRO 9:Iéna,Franklin D. Roosevelt
METRO 9;Franklin D. Roosevelt;48.86869984643215,2.309505157337887;METRO 1:,METRO 9:Alma-Marceau,Saint-Philippe du Roule
METRO 9;Saint-Philippe du Roule;48.872045861806505,2.310018932408274;METRO 9:Franklin D. Roosevelt,Miromesnil
METRO 9;Miromesnil;48.87373316468628,2.314743542030632;METRO 13:,METRO 9:Saint-Philippe du Roule,Saint-Augustin
METRO 9;Saint-Augustin;48.8744756757269,2.322001788877926;METRO 14:Saint-Lazare,METRO 9:Miromesnil,Havre-Caumartin
METRO 9;Havre-Caumartin;48.87371340578697,2.3276954096301736;METRO 3:,METRO 9:Saint-Augustin,Chaussée d'Antin - La Fayette
METRO 9;Chaussée d'Antin - La Fayette;48.87280447498536,2.334456291376852;METRO 7:,METRO 9:Havre-Caumartin,Richelieu-Drouot
METRO 9;Richelieu-Drouot;48.872190907728054,2.3388571594538052;METRO 8:,METRO 9:Chaussée d'Antin - La Fayette,Grands Boulevards
METRO 9;Grands Boulevards;48.87125654502105,2.3445610606627296;METRO 9:Richelieu-Drouot,Bonne Nouvelle
METRO 9;Bonne Nouvelle;48.87059047709034,2.3484911310789887;METRO 9:Grands Boulevards,Strasbourg-Saint-Denis
METRO 9;Strasbourg-Saint-Denis;48.869402195734736,2.35381879359288;METRO 4:,METRO 8:,METRO 9:Bonne Nouvelle,République
METRO 9;République;48.867780299629366,2.3629287001561123;METRO 3:,METRO 5:,METRO 8:,METRO 11:,METRO 9:Strasbourg-Saint-Denis,Oberkampf
METRO 9;Oberkampf;48.8650190081165,2.368011378256503;METRO 5:,METRO 9:République,Saint-Ambroise
METRO 9;Saint-Ambroise;48.86147646280947,2.373943508245182;METRO 9:Oberkampf,Voltaire
METRO 9;Voltaire;48.85787849394595,2.3800206442479825;METRO 9:Saint-Ambroise,Charonne
METRO 9;Charonne;48.85509449355617,2.3846997601328432;METRO 9:Voltaire,Rue des Boulets
METRO 9;Rue des Boulets;48.85216836872941,2.3896255399759547;METRO 9:Charonne,Nation
METRO 9;Nation;48.84894464414299,2.395879435185689;METRO 1:,METRO 2:,METRO 6:,METRO 9:Rue des Boulets,Buzenval
METRO 9;Buzenval;48.85197520840478,2.4019272845115465;METRO 9:Nation,Maraîchers
METRO 9;Maraîchers;48.8527251192493,2.406089161868773;METRO 9:Buzenval,Porte de Montreuil
METRO 9;Porte de Montreuil;48.85377278709405,2.4118948370564355;TRAM 3b:,METRO 9:Maraîchers,Robespierre
METRO 9;Robespierre;48.85572642771233,2.4229832161458753;METRO 9:Porte de Montreuil,Croix de Chavaux
METRO 9;Croix de Chavaux;48.85778351366569,2.434538451473474;METRO 9:Robespierre,Mairie de Montreuil
METRO 9;Mairie de Montreuil;48.86229941189889,2.4415218094110314;METRO 9:Croix de Chavaux
METRO 10;Gare d'Austerlitz;48.842436797003934,2.365184811993381;METRO 5:,METRO 10:Jussieu
METRO 10;Jussieu;48.84615112126048,2.3549179837074043;METRO 7:,METRO 10:Gare d'Austerlitz,Cardinal Lemoine
METRO 10;Cardinal Lemoine;48.84665685032183,2.3516232550160123;METRO 10:Jussieu,Maubert-Mutualité
METRO 10;Maubert-Mutualité;48.850089877131666,2.3482087741854683;METRO 10:Cardinal Lemoine,Cluny La Sorbonne
METRO 10;Cluny La Sorbonne;48.85105028139347,2.344273345421352;METRO 10:Maubert-Mutualité,Odéon,METRO 4:Saint-Michel
METRO 10;Odéon;48.85193594111413,2.3406130064065045;METRO 4:,METRO 10:Cluny La Sorbonne,Mabillon
METRO 10;Mabillon;48.85301676699636,2.335502051727558;METRO 10:Odéon,Sèvres-Babylone
METRO 10;Sèvres-Babylone;48.85103175031847,2.3261023128241907;METRO 12:,METRO 10:Mabillon,Vaneau
METRO 10;Vaneau;48.84881637244876,2.3212578628937472;METRO 10:Sèvres-Babylone,Duroc
METRO 10;Duroc;48.8469891052187,2.3170052357372453;METRO 13:,METRO 10:Vaneau,Ségur
METRO 10;Ségur;48.847066132231625,2.30740224061964;METRO 10:Duroc,La Motte Picquet-Grenelle
METRO 10;La Motte Picquet-Grenelle;48.84957521298872,2.2986251271448745;METRO 6:,METRO 8:,METRO 10:Ségur,Avenue Émile Zola
METRO 10;Avenue Émile Zola;48.84699703041569,2.2950191304763625;METRO 10:La Motte Picquet-Grenelle,Charles Michels
METRO 10;Charles Michels;48.84653463581035,2.285999222059007;METRO 10:Avenue Émile Zola,Javel - André Citroën
METRO 10;Javel - André Citroën;48.8461572039116,2.278400386366102;METRO 10:Charles Michels,Église d'Auteuil
METRO 10;Église d'Auteuil;48.84715005388966,2.2691358727428805;METRO 10:Michel Ange-Auteuil
METRO 10;Michel Ange-Auteuil;48.84793480697122,2.2642187756877297;METRO 9:,METRO 10:Porte d'Auteuil
METRO 10;Porte d'Auteuil;48.84797154057619,2.2577446803632033;METRO 10:Boulogne - Jean Jaurès
METRO 10;Boulogne - Jean Jaurès;48.84200534636872,2.2388873271530727;METRO 10:,METRO 10:Boulogne - Pont de Saint-Cloud,Michel Ange-Molitor
METRO 10;Boulogne - Pont de Saint-Cloud;48.84074501520533,2.2285369814916316;TRAM 2:,METRO 10:Boulogne - Jean Jaurès
METRO 10;Michel Ange-Molitor;48.845247564533935,2.261623492404886;METRO 9:,METRO 10:Chardon Lagache
METRO 10;Chardon Lagache;48.84520470266033,2.266441541719401;METRO 10:Mirabeau
METRO 10;Mirabeau;48.8471310072754,2.272763753316159;METRO 10:Javel - André Citroën
METRO 11;Châtelet;48.85763140977923,2.3480365654004016;METRO 1:,METRO 4:,METRO 7:,METRO 14:,METRO 11:Hôtel de Ville
METRO 11;Hôtel de Ville;48.857451830822306,2.351008461406026;METRO 1:,METRO 11:Châtelet,Rambuteau
METRO 11;Rambuteau;48.86120498940959,2.353495741491146;METRO 11:Hôtel de Ville,Arts et Métiers
METRO 11;Arts et Métiers;48.86532271075727,2.3567298691737006;METRO 3:,METRO 11:Rambuteau,République
METRO 11;République;48.86799910800215,2.365074861082764;METRO 3:,METRO 5:,METRO 8:,METRO 9:,METRO 11:Arts et Métiers,Goncourt
METRO 11;Goncourt;48.86995751178222,2.3710948397312004;METRO 11:République,Belleville
METRO 11;Belleville;48.87184879374048,2.3765936840968225;METRO 2:,METRO 11:Goncourt,Pyrénées
METRO 11;Pyrénées;48.87388185323738,2.3853162151017924;METRO 11:Belleville,Jourdain
METRO 11;Jourdain;48.87511181603521,2.389415032035528;METRO 11:Pyrénées,Place des Fêtes
METRO 11;Place des Fêtes;48.87680638829213,2.3930560919606627;METRO 7bis:,METRO 11:Jourdain,Télégraphe
METRO 11;Télégraphe;48.87547445575839,2.398867596625601;METRO 11:Place des Fêtes,Porte des Lilas
METRO 11;Porte des Lilas;48.87717481838472,2.406480156998486;METRO 3bis:,TRAM 3b:,METRO 11:Télégraphe,Mairie des Lilas
METRO 11;Mairie des Lilas;48.87976125217717,2.416479643681515;METRO 11:Porte des Lilas
METRO 12;Mairie d'Issy;48.82430937017314,2.273665557499754;METRO 12:Corentin Celton
METRO 12;Corentin Celton;48.82708544797555,2.2794116820504207;METRO 12:Mairie d'Issy,Porte de Versailles
METRO 12;Porte de Versailles;48.8324490982225,2.288022141100325;TRAM 2:,TRAM 3a:,METRO 12:Corentin Celton,Convention
METRO 12;Convention;48.837099427302775,2.2962313868033886;METRO 12:Porte de Versailles,Vaugirard
METRO 12;Vaugirard;48.83951658448162,2.3011075162423964;METRO 12:Convention,Volontaires
METRO 12;Volontaires;48.84150552143923,2.3079486779742893;METRO 12:Vaugirard,Pasteur
METRO 12;Pasteur;48.8428712740855,2.312447513065986;METRO 6:,METRO 12:Volontaires,Falguière
METRO 12;Falguière;48.84447014037502,2.317852783041332;METRO 12:Pasteur,Montparnasse-Bienvenüe
METRO 12;Montparnasse-Bienvenüe;48.84373548839769,2.3243530411579667;METRO 4:,METRO 6:,METRO 13:,METRO 12:Falguière,Notre-Dame-des-Champs
METRO 12;Notre-Dame-des-Champs;48.844942632505116,2.32877802689008;METRO 12:Montparnasse-Bienvenüe,Rennes
METRO 12;Rennes;48.848457848527886,2.3277821284985807;METRO 12:Notre-Dame-des-Champs,Sèvres-Babylone
METRO 12;Sèvres-Babylone;48.85176205157465,2.326822568897496;METRO 10:,METRO 12:Rennes,Rue du Bac
METRO 12;Rue du Bac;48.85519632389409,2.325815566511529;METRO 12:Sèvres-Babylone,Solférino
METRO 12;Solférino;48.858499122795564,2.323167611246744;METRO 12:Rue du Bac,Assemblée Nationale
METRO 12;Assemblée Nationale;48.86078696260591,2.3209981919540845;METRO 12:Solférino,Concorde
METRO 12;Concorde;48.86616711402841,2.3231756808566186;METRO 1:,METRO 8:,METRO 12:Assemblée Nationale,Madeleine
METRO 12;Madeleine;48.87023324247913,2.3251635468278975;METRO 8:,METRO 14:,METRO 12:Concorde,Saint-Lazare
METRO 12;Saint-Lazare;48.87567210615994,2.327842235259622;METRO 3:,METRO 13:,METRO 14:,METRO 12:Madeleine,Notre-Dame-de-Lorette
METRO 12;Notre-Dame-de-Lorette;48.87604749508463,2.3374958445337644;METRO 12:Saint-Lazare,Trinité d'Estienne d'Orves
METRO 12;Trinité d'Estienne d'Orves;48.87633026403884,2.3331088937605435;METRO 12:Notre-Dame-de-Lorette,Saint-Georges
METRO 12;Saint-Georges;48.87817339013579,2.3378575103810166;METRO 12:Trinité d'Estienne d'Orves,Pigalle
METRO 12;Pigalle;48.8822495322673,2.3371645394451463;METRO 2:,METRO 12:Saint-Georges,Abbesses
METRO 12;Abbesses;48.88459420710706,2.3379497756920697;METRO 12:Pigalle,Lamarck-Caulaincourt
METRO 12;Lamarck-Caulaincourt;48.889674072972696,2.338760650528743;METRO 12:Abbesses,Marx Dormoy
METRO 12;Marx Dormoy;48.89048545382589,2.3599957663946207;METRO 12:Lamarck-Caulaincourt,Marcadet-Poissonniers
METRO 12;Marcadet-Poissonniers;48.89146499941193,2.3498154532183615;METRO 4:,METRO 12:Marx Dormoy,Jules Joffrin
METRO 12;Jules Joffrin;48.89241892202498,2.3447646117383565;METRO 12:Marcadet-Poissonniers,Porte de la Chapelle
METRO 12;Porte de la Chapelle;48.89724528717232,2.359507868815594;TRAM 3b:,METRO 12:Jules Joffrin,Front Populaire
METRO 12;Front Populaire;48.90656714505958,2.365920319400959;METRO 12:Porte de la Chapelle,Aimé Césaire
METRO 12;Aimé Césaire;48.90808243689956,2.377741481106109;METRO 12:Front Populaire,Mairie d'Aubervilliers
METRO 12;Mairie d'Aubervilliers;48.856614,2.352221;METRO 12:Aimé Césaire
METRO 13;Châtillon-Montrouge;48.810746485860015,2.3016785554824284;TRAM 6:,METRO 13:Malakoff - Rue Étienne Dolet
METRO 13;Malakoff - Rue Étienne Dolet;48.81530753027931,2.2970777969729843;METRO 13:Châtillon-Montrouge,Malakoff - Plateau de Vanves
METRO 13;Malakoff - Plateau de Vanves;48.82258370681618,2.2984641919585345;METRO 13:Malakoff - Rue Étienne Dolet,Porte de Vanves
METRO 13;Porte de Vanves;48.82779554257448,2.3055346696538948;TRAM 3a:,METRO 13:Malakoff - Plateau de Vanves,Plaisance
METRO 13;Plaisance;48.831825649564735,2.3141223234590234;METRO 13:Porte de Vanves,Pernety
METRO 13;Pernety;48.834225881757014,2.3186164144253834;METRO 13:Plaisance,Gaîté
METRO 13;Gaîté;48.83863164531629,2.3224917484622383;METRO 13:Pernety,Montparnasse-Bienvenüe
METRO 13;Montparnasse-Bienvenüe;48.84232743680564,2.3209848342668127;METRO 4:,METRO 6:,METRO 12:,METRO 13:Gaîté,Duroc
METRO 13;Duroc;48.847052554507314,2.3164243520508925;METRO 10:,METRO 13:Montparnasse-Bienvenüe,Saint-François-Xavier
METRO 13;Saint-François-Xavier;48.851441706519495,2.3144081214724865;METRO 13:Duroc,Varenne
METRO 13;Varenne;48.85687137832836,2.315056637317088;METRO 13:Saint-François-Xavier,Invalides
METRO 13;Invalides;48.860028457281224,2.3139151192031546;METRO 8:,METRO 13:Varenne,Champs-Élysées - Clemenceau
METRO 13;Champs-Élysées - Clemenceau;48.86760214430073,2.3138941304816147;METRO 1:,METRO 13:Invalides,Miromesnil
METRO 13;Miromesnil;48.873769988674646,2.314456036176971;METRO 9:,METRO 13:Champs-Élysées - Clemenceau,Saint-Lazare
METRO 13;Saint-Lazare;48.875420715731856,2.32547637444705;METRO 3:,METRO 12:,METRO 14:,METRO 13:Miromesnil,Liège
METRO 13;Liège;48.87963475973605,2.3270222008895023;METRO 13:Saint-Lazare,Place de Clichy
METRO 13;Place de Clichy;48.88380452711306,2.327243410587406;METRO 2:,METRO 13:Liège,La Fourche
METRO 13;La Fourche;48.88718394594505,2.325779674806892;METRO 13:Place de Clichy,Brochant,Guy Môquet
METRO 13;Brochant;48.89058718569108,2.320174757151551;METRO 13:La Fourche,Porte de Clichy
METRO 13;Porte de Clichy;48.89425226131803,2.313772157405782;METRO 14:,TRAM 3b:,METRO 13:Brochant,Mairie de Clichy
METRO 13;Mairie de Clichy;48.903233677865906,2.306010915009083;METRO 13:Porte de Clichy,Gabriel Péri
METRO 13;Gabriel Péri;48.916382309001435,2.294685111702555;METRO 13:Mairie de Clichy,Les Agnettes
METRO 13;Les Agnettes;48.92310377874536,2.286279577529783;METRO 13:Gabriel Péri,Les Courtilles
METRO 13;Les Courtilles;48.93075700331489,2.2841744482709228;TRAM 1:,METRO 13:Les Agnettes
METRO 13;Guy Môquet;48.89220682682637,2.327219867919128;METRO 13:La Fourche,Porte de Saint-Ouen
METRO 13;Porte de Saint-Ouen;48.89737479550803,2.328942812768302;TRAM 3b:,METRO 13:Guy Môquet,Garibaldi
METRO 13;Garibaldi;48.90609404932792,2.3318308379624098;METRO 13:Porte de Saint-Ouen,Mairie de Saint-Ouen
METRO 13;Mairie de Saint-Ouen;48.91196489696018,2.3339248904797145;METRO 14:,METRO 13:Garibaldi,Carrefour Pleyel
METRO 13;Carrefour Pleyel;48.9190075542966,2.3426080144231554;METRO 13:Mairie de Saint-Ouen,Saint-Denis - Porte de Paris
METRO 13;Saint-Denis - Porte de Paris;48.92993588875802,2.3560357941727967;TRAM 8:,METRO 13:Carrefour Pleyel,Basilique de Saint-Denis
METRO 13;Basilique de Saint-Denis;48.936776788991985,2.3593662963605984;TRAM 1:,TRAM 5:,METRO 13:Saint-Denis - Porte de Paris,Saint-Denis - Université
METRO 13;Saint-Denis - Université;48.9458672712219,2.3646364825042268;TRAM 5:,METRO 13:Basilique de Saint-Denis
METRO 14;Olympiades;48.82716361697465,2.3671730244778453;METRO 14:Bibliothèque François Mitterrand
METRO 14;Bibliothèque François Mitterrand;48.82990660894109,2.376666221325517;TRAM 3a:,METRO 14:Olympiades,Cour Saint-Émilion
METRO 14;Cour Saint-Émilion;48.833338558330794,2.386632402066985;METRO 14:Bibliothèque François Mitterrand,Bercy
METRO 14;Bercy;48.84000138772795,2.379554011214141;METRO 6:,METRO 14:Cour Saint-Émilion,Gare de Lyon
METRO 14;Gare de Lyon;48.84348676088593,2.3739225903167545;METRO 1:,METRO 14:Bercy,Châtelet
METRO 14;Châtelet;48.85958965466201,2.346478183587595;METRO 1:,METRO 4:,METRO 7:,METRO 11:,METRO 14:Gare de Lyon,Pyramides
METRO 14;Pyramides;48.86590673867336,2.33418954196825;METRO 7:,METRO 14:Châtelet,Madeleine
METRO 14;Madeleine;48.87066701997716,2.3257526352867255;METRO 8:,METRO 9:,METRO 14:Pyramides,Saint-Lazare
METRO 14;Saint-Lazare;48.87571908890256,2.3242245809388535;METRO 3:,METRO 12:,METRO 13:,METRO 9:Saint-Augustin,METRO 14:Madeleine,Pont Cardinet
METRO 14;Pont Cardinet;48.88956082739463,2.315176897304785;METRO 14:Saint-Lazare,Porte de Clichy
METRO 14;Porte de Clichy;48.8949808098046,2.3127919615012917;METRO 13:,TRAM 3b:,METRO 14:Pont Cardinet,Saint-Ouen
METRO 14;Saint-Ouen;48.904496419653924,2.321743589558779;METRO 14:Porte de Clichy,Mairie de Saint-Ouen
METRO 14;Mairie de Saint-Ouen;48.91320209423714,2.334663150119759;METRO 13:,METRO 14:Saint-Ouen
TRAM 1;Noisy-le-Sec;48.895915835282295,2.4603300695194394;TRAM 1:Petit Noisy
TRAM 1;Petit Noisy;48.90041730314525,2.4654604813583543;TRAM 1:Noisy-le-Sec,Pont de Bondy
TRAM 1;Pont de Bondy;48.90470320285962,2.469971544978576;TRAM 1:Petit Noisy,Auguste Delaune
TRAM 1;Auguste Delaune;48.90670062988022,2.4605234036744186;TRAM 1:Pont de Bondy,Jean Rostand
TRAM 1;Jean Rostand;48.90781431574877,2.4543575787773744;TRAM 1:Auguste Delaune,Bobigny Pablo Picasso
TRAM 1;Bobigny Pablo Picasso;48.90653600764649,2.4500061663133708;METRO 5:,TRAM 1:Jean Rostand,Hôtel de Ville de Bobigny
TRAM 1;Hôtel de Ville de Bobigny;48.90653655813819,2.443992334554138;TRAM 1:Bobigny Pablo Picasso,Libération
TRAM 1;Libération;48.90693183121361,2.4386244972276714;TRAM 1:Hôtel de Ville de Bobigny,La Ferme
TRAM 1;La Ferme;48.90966636443126,2.4374878022135906;TRAM 1:Libération,Escadrille Normandie-Niémen
TRAM 1;Escadrille Normandie-Niémen;48.91270497437518,2.4354209929854376;TRAM 1:La Ferme,Gaston Roulaud
TRAM 1;Gaston Roulaud;48.91409326258505,2.431278002116335;TRAM 1:Escadrille Normandie-Niémen,Hôpital Avicenne
TRAM 1;Hôpital Avicenne;48.91583789196237,2.4250098942744507;TRAM 1:Gaston Roulaud,Drancy-Avenir
TRAM 1;Drancy-Avenir;48.91778372433478,2.4176910933379756;TRAM 1:Hôpital Avicenne,Maurice Lachâtre
TRAM 1;Maurice Lachâtre;48.91917902680516,2.41383718095636;TRAM 1:Drancy-Avenir,La Courneuve 8 Mai 1945
TRAM 1;La Courneuve 8 Mai 1945;48.920785968142226,2.4105986164694255;METRO 7:,TRAM 1:Maurice Lachâtre,Danton
TRAM 1;Danton;48.92271118743235,2.4066227523546937;TRAM 1:La Courneuve 8 Mai 1945,Stade Géo André
TRAM 1;Stade Géo André;48.924375142509625,2.4020734129969097;TRAM 1:Danton,Hôtel de Ville de La Courneuve
TRAM 1;Hôtel de Ville de La Courneuve;48.92740289073672,2.3924711193168307;TRAM 1:Stade Géo André,Six Routes
TRAM 1;Six Routes;48.92997102528672,2.384758860075984;TRAM 1:Hôtel de Ville de La Courneuve,Cosmonautes
TRAM 1;Cosmonautes;48.931734824565524,2.3782254903979014;TRAM 1:Six Routes,Hôpital Delafontaine
TRAM 1;Hôpital Delafontaine;48.93358640280917,2.3710831716238596;TRAM 1:Cosmonautes,Cimetière de Saint-Denis
TRAM 1;Cimetière de Saint-Denis;48.936389146141046,2.363640702197924;TRAM 1:Hôpital Delafontaine,Basilique de Saint-Denis
TRAM 1;Basilique de Saint-Denis;48.938057330202554,2.360792492279713;METRO 13:,TRAM 1:Cimetière de Saint-Denis,Marché de Saint-Denis
TRAM 1;Marché de Saint-Denis;48.93859447493169,2.3558452667806034;TRAM 5:,TRAM 1:Basilique de Saint-Denis,Théâtre Gérard Philipe
TRAM 1;Théâtre Gérard Philipe;48.93750989552102,2.3504000185400655;TRAM 1:Marché de Saint-Denis,Saint-Denis
TRAM 1;Saint-Denis;48.936155626337026,2.3464709021070975;TRAM 8:,TRAM 1:Théâtre Gérard Philipe,L'Ile-Saint-Denis
TRAM 1;L'Ile-Saint-Denis;48.93576726931417,2.339571144951487;TRAM 1:Saint-Denis,Mairie de Villeneuve-la-Garenne
TRAM 1;Mairie de Villeneuve-la-Garenne;48.935605707439215,2.3343329145357634;TRAM 1:L'Ile-Saint-Denis,La Noue
TRAM 1;La Noue;48.93499415965736,2.3269510437797356;TRAM 1:Mairie de Villeneuve-la-Garenne,Chemin des Reniers
TRAM 1;Chemin des Reniers;48.934608566743,2.3214951981707097;TRAM 1:La Noue,Parc des Chanteraines
TRAM 1;Parc des Chanteraines;48.93394363055738,2.31325707295527;TRAM 1:Chemin des Reniers,Gennevilliers
TRAM 1;Gennevilliers;48.93344983985141,2.307089653527023;TRAM 1:Parc des Chanteraines,Timbaud
TRAM 1;Timbaud;48.93339059627366,2.3006262112325966;TRAM 1:Gennevilliers,Le Village
TRAM 1;Le Village;48.93335538130841,2.2946029893860738;TRAM 1:Timbaud,Le Luth
TRAM 1;Le Luth;48.931813996015094,2.28865600459439;TRAM 1:Le Village,Les Courtilles
TRAM 1;Les Courtilles;48.93021421136611,2.283722557328397;METRO 13:,TRAM 1:Le Luth,Asnières Quatre Routes
TRAM 1;Asnières Quatre Routes;48.92725060967993,2.274336132389304;TRAM 1:Les Courtilles
TRAM 2;Porte de Versailles;48.831872466576385,2.2872071378229086;METRO 12:,TRAM 3a:,TRAM 2:Porte d'Issy
TRAM 2;Porte d'Issy;48.831696592186134,2.281470444083867;TRAM 3a:Desnouettes,TRAM 2:Porte de Versailles,Suzanne Lenglen
TRAM 2;Suzanne Lenglen;48.83331427056053,2.276854976410801;METRO 8:Balard,TRAM 3a:Balard,TRAM 2:Porte d'Issy,Henri Farman
TRAM 2;Henri Farman;48.83475000943428,2.2712415009378297;TRAM 2:Suzanne Lenglen,Issy-Val-de-Seine
TRAM 2;Issy-Val-de-Seine;48.82989015687392,2.26317856570046;TRAM 2:Henri Farman,Jacques-Henri Lartigue
TRAM 2;Jacques-Henri Lartigue;48.82470768480548,2.2604815756384626;TRAM 2:Issy-Val-de-Seine,Les Moulineaux
TRAM 2;Les Moulineaux;48.82151752158911,2.251336154852571;TRAM 2:Jacques-Henri Lartigue,Meudon-sur-Seine
TRAM 2;Meudon-sur-Seine;48.819174328212256,2.2385983377921437;TRAM 2:Les Moulineaux,Brimborion
TRAM 2;Brimborion;48.822309932015976,2.23132315987378;TRAM 2:Meudon-sur-Seine,Musée de Sèvres
TRAM 2;Musée de Sèvres;48.82901050277354,2.22531285326707;METRO 9:Pont de Sèvres,TRAM 2:Brimborion,Parc de Saint-Cloud
TRAM 2;Parc de Saint-Cloud;48.84312439899168,2.221851494752013;METRO 10:Boulogne - Pont de Saint-Cloud,TRAM 2:Musée de Sèvres,Les Milons
TRAM 2;Les Milons;48.84985048692831,2.221232683266963;TRAM 2:Parc de Saint-Cloud,Les Coteaux
TRAM 2;Les Coteaux;48.857471407989536,2.220603560028727;TRAM 2:Les Milons,Suresnes-Longchamp
TRAM 2;Suresnes-Longchamp;48.86823878392577,2.2214106026180156;TRAM 2:Les Coteaux,Belvédère
TRAM 2;Belvédère;48.87600129058073,2.225959095144879;TRAM 2:Suresnes-Longchamp,Puteaux
TRAM 2;Puteaux;48.88333487563296,2.2338714337907755;TRAM 2:Belvédère,La Défense
TRAM 2;La Défense;48.89212336291175,2.237213536457713;METRO 1:,TRAM 2:Puteaux,Faubourg de l'Arche
TRAM 2;Faubourg de l'Arche;48.89666439629735,2.240079252038272;TRAM 2:La Défense,Les Fauvelles
TRAM 2;Les Fauvelles;48.902768024633616,2.2395420349525788;TRAM 2:Faubourg de l'Arche,Charlebourg
TRAM 2;Charlebourg;48.90766458302349,2.2383093022906757;TRAM 2:Les Fauvelles,Jacqueline Auriol
TRAM 2;Jacqueline Auriol;48.910802588824716,2.233988601425483;TRAM 2:Charlebourg,Victor Basch
TRAM 2;Victor Basch;48.914047680646405,2.2295716132741976;TRAM 2:Jacqueline Auriol,Parc Pierre Lagravère
TRAM 2;Parc Pierre Lagravère;48.91751490665862,2.2248121888783143;TRAM 2:Victor Basch,Pont de Bezons
TRAM 2;Pont de Bezons;48.923268254130555,2.2175897993396414;TRAM 2:Parc Pierre Lagravère
TRAM 3a;Pont du Garigliano;48.83807588963894,2.271174403433847;TRAM 3a:Balard
TRAM 3a;Balard;48.836122979271806,2.2781191783109924;TRAM 3a:Pont du Garigliano,Desnouettes
TRAM 3a;Desnouettes;48.83435816453199,2.284007243303418;TRAM 2:Porte d'Issy,TRAM 3a:Balard,Porte de Versailles
TRAM 3a;Porte de Versailles;48.83267687095699,2.2880694575972416;METRO 12:,TRAM 2:,TRAM 3a:Desnouettes,Georges Brassens
TRAM 3a;Georges Brassens;48.82982637809581,2.295661982822294;TRAM 3a:Porte de Versailles,Brancion
TRAM 3a;Brancion;48.82868555054401,2.3008019515606515;TRAM 3a:Georges Brassens,Porte de Vanves
TRAM 3a;Porte de Vanves;48.82741485863294,2.306635926501743;METRO 13:,TRAM 3a:Brancion,Didot
TRAM 3a;Didot;48.825920546050554,2.3133800873660433;TRAM 3a:Porte de Vanves,Jean Moulin
TRAM 3a;Jean Moulin;48.824711017882876,2.318829692620226;TRAM 3a:Didot,Porte d'Orléans
TRAM 3a;Porte d'Orléans;48.82315163220719,2.3255095778223844;METRO 4:,TRAM 3a:Jean Moulin,Montsouris
TRAM 3a;Montsouris;48.82150891647527,2.333339832857645;TRAM 3a:Porte d'Orléans,Cité Universitaire
TRAM 3a;Cité Universitaire;48.82035003326929,2.3385807496409954;TRAM 3a:Montsouris,Stade Charléty
TRAM 3a;Stade Charléty;48.819500508987595,2.3458035812044917;TRAM 3a:Cité Universitaire,Poterne des Peupliers
TRAM 3a;Poterne des Peupliers;48.82087335430542,2.3509328780645764;TRAM 3a:Stade Charléty,Porte d'Italie
TRAM 3a;Porte d'Italie;48.819051513730514,2.360129742015262;METRO 7:,TRAM 3a:Poterne des Peupliers,Porte de Choisy
TRAM 3a;Porte de Choisy;48.81976126665018,2.3640154621825222;METRO 7:,TRAM 9:,TRAM 3a:Porte d'Italie,Porte d'Ivry
TRAM 3a;Porte d'Ivry;48.82182955714814,2.370053603529677;METRO 7:,TRAM 3a:Porte de Choisy,Maryse Bastié
TRAM 3a;Maryse Bastié;48.824354900979124,2.377661530695738;TRAM 3a:Porte d'Ivry,Avenue de France
TRAM 3a;Avenue de France;48.82557023397762,2.3811655878010223;METRO 14:Bibliothèque François Mitterrand,TRAM 3a:Maryse Bastié,Baron Le Roy
TRAM 3a;Baron Le Roy;48.83038858967195,2.3934496983063673;TRAM 3a:Avenue de France,Porte de Charenton
TRAM 3a;Porte de Charenton;48.831993086187644,2.398350103858007;METRO 8:,TRAM 3a:Baron Le Roy,Porte Dorée
TRAM 3a;Porte Dorée;48.835522207428454,2.406657147135102;METRO 8:,TRAM 3a:Porte de Charenton,Montempoivre
TRAM 3a;Montempoivre;48.83986483090908,2.408874539222469;TRAM 3a:Porte Dorée,Alexandra David-Néel
TRAM 3a;Alexandra David-Néel;48.84370073907134,2.4101095555973178;TRAM 3a:Montempoivre,Porte de Vincennes
TRAM 3a;Porte de Vincennes;48.84694815093092,2.4095514297873724;METRO 1:,TRAM 3b:,TRAM 3a:Alexandra David-Néel
TRAM 3b;Porte de Vincennes;48.847393889575244,2.4096560564041694;METRO 1:,TRAM 3a:,TRAM 3b:Porte de Montreuil
TRAM 3b;Porte de Montreuil;48.85298727698292,2.4107411361264375;METRO 9:,TRAM 3b:Marie de Miribel,Porte de Vincennes
TRAM 3b;Marie de Miribel;48.85870400929952,2.409685685604103;TRAM 3b:Porte de Bagnolet,Porte de Montreuil
TRAM 3b;Porte de Bagnolet;48.86343374104392,2.4088324651439734;METRO 3:,TRAM 3b:Marie de Miribel,Séverine
TRAM 3b;Séverine;48.86752135629396,2.4089789397445083;TRAM 3b:Porte de Bagnolet,Adrienne Bolland
TRAM 3b;Adrienne Bolland;48.87209702901093,2.4086200551769896;TRAM 3b:Séverine,Porte des Lilas
TRAM 3b;Porte des Lilas;48.87663081406899,2.406999582693831;METRO 3bis:,METRO 11:,TRAM 3b:Adrienne Bolland;Hôpital Robert Debré
TRAM 3b;Hôpital Robert Debré;48.87945550233731,2.401233644855655;METRO 7bis:Pré-Saint-Gervais,TRAM 3b:Porte des Lilas;Butte du Chapeau Rouge
TRAM 3b;Butte du Chapeau Rouge;48.88501678827276,2.396751288803897;TRAM 3b:Hôpital Robert Debré,Porte de Pantin
TRAM 3b;Porte de Pantin;48.88900764858621,2.395681074711603;METRO 5:,TRAM 3b:Butte du Chapeau Rouge,Delphine Seyrig  
TRAM 3b;Delphine Seyrig;48.893880281609206,2.3977388506469794;TRAM 3b:Porte de Pantin,Ella Fitzgerald
TRAM 3b;Ella Fitzgerald;48.897429960859256,2.3949684071677146;TRAM 3b:Delphine Seyrig,Porte de la Villette
TRAM 3b;Porte de la Villette;48.897428734657964,2.3865814331137196;METRO 7:,TRAM 3b:Ella Fitzgerald,Canal Saint-Denis
TRAM 3b;Canal Saint-Denis;48.898733989732214,2.380537035488634;TRAM 3b:Porte de la Villette,Rosa Parks
TRAM 3b;Rosa Parks;48.897552808979704,2.3733837959986;TRAM 3b:Canal Saint-Denis,Porte d'Aubervilliers
TRAM 3b;Porte d'Aubervilliers;48.89860117125765,2.3690369493169237;TRAM 3b:Rosa Parks,Colette Besson
TRAM 3b;Colette Besson;48.89849110063615,2.3636513821811374;TRAM 3b:Porte d'Aubervilliers,Porte de la Chapelle
TRAM 3b;Porte de la Chapelle;48.89839212475672,2.3583754693257846;METRO 12:,TRAM 3b:Colette Besson,Diane Arbus
TRAM 3b;Diane Arbus;48.898329103478595,2.351712071721624;TRAM 3b:Porte de la Chapelle,Porte de Clignancourt
TRAM 3b;Porte de Clignancourt;48.8980414494171,2.3450784496454857;METRO 4:,TRAM 3b:Diane Arbus,Angélique Compoint
TRAM 3b;Angélique Compoint;48.89783032537774,2.338230427133584;TRAM 3b:Porte de Clignancourt,Porte de Saint-Ouen
TRAM 3b;Porte de Saint-Ouen;48.89767181856405,2.329830334493886;METRO 13:,TRAM 3b:Angélique Compoint,Épinettes - Pouchet
TRAM 3b;Épinettes - Pouchet;48.897549330878284,2.3249055851394216;TRAM 3b:Porte de Saint-Ouen,Honoré de Balzac
TRAM 3b;Honoré de Balzac;48.896308469776066,2.3188044013442384;TRAM 3b:Épinettes - Pouchet,Porte de Clichy
TRAM 3b;Porte de Clichy;48.89462433308838,2.314233846289426;METRO 13:,METRO 14:,TRAM 3b:Honoré de Balzac,Porte d'Asnières
TRAM 3b;Porte d'Asnières;48.8897399501845,2.3032760496929345;TRAM 3b:Porte de Clichy
TRAM 4;Bondy;48.893805859697764,2.482032922407471;TRAM 4:La Remise à Jorelle
TRAM 4;La Remise à Jorelle;48.89309462771165,2.487910986261173;TRAM 4:Bondy,Les Coquetiers
TRAM 4;Les Coquetiers;48.8925997792274,2.4997571852395075;TRAM 4:La Remise à Jorelle,Allée de la Tour Rendez-Vous
TRAM 4;Allée de la Tour Rendez-Vous;48.89714381846158,2.506408247006797;TRAM 4:Les Coquetiers,Les Pavillons-sous-Bois
TRAM 4;Les Pavillons-sous-Bois;48.902678101863785,2.511939934333314;TRAM 4:Allée de la Tour Rendez-Vous,Gargan
TRAM 4;Gargan;48.907272586142305,2.5165098933946153;TRAM 4:Les Pavillons-sous-Bois,Lycée Henri Sellier,République Marx Dormoy
TRAM 4;Lycée Henri Sellier;48.91609650317204,2.515061446192154;TRAM 4:Gargan,L'Abbaye
TRAM 4;L'Abbaye;48.92180470359668,2.5163333913072856;TRAM 4:Lycée Henri Sellier,Freinville-Sevran
TRAM 4;Freinville-Sevran;48.926503936889326,2.519119485424034;TRAM 4:L'Abbaye,Rougemont-Chanteloup
TRAM 4;Rougemont-Chanteloup;48.93100567005247,2.514884565892148;TRAM 4:Freinville-Sevran,Aulnay-sous-Bois
TRAM 4;Aulnay-sous-Bois;48.93195908544653,2.497116515470738;TRAM 4:Rougemont-Chanteloup
TRAM 4;République Marx Dormoy;48.906628324924526,2.524048525746325;TRAM 4:Gargan,Léon Blum
TRAM 4;Léon Blum;48.908527016910185,2.532287442185067;TRAM 4:République Marx Dormoy,Maurice Audin
TRAM 4;Maurice Audin;48.908416885464824,2.539173330939578;TRAM 4:Léon Blum,Clichy-sous-Bois Mairie
TRAM 4;Clichy-sous-Bois Mairie;48.90786847867236,2.5463803994280108;TRAM 4:Maurice Audin,Romain Rolland
TRAM 4;Romain Rolland;48.90473884379786,2.5479213740086846;TRAM 4:Clichy-sous-Bois Mairie,Clichy - Montfermeil
TRAM 4;Clichy - Montfermeil;48.904573065556605,2.5550142670142635;TRAM 4:Romain Rolland,Notre-Dame-des-Anges
TRAM 4;Notre-Dame-des-Anges;48.90091967973044,2.556069026584472;TRAM 4:Clichy - Montfermeil,Arboretum
TRAM 4;Arboretum;48.89792357203605,2.5617143040426065;TRAM 4:Notre-Dame-des-Anges,Hôpital de Montfermeil
TRAM 4;Hôpital de Montfermeil;48.900955536627954,2.5708415546006806;TRAM 4:Arboretum
TRAM 5;Marché de Saint-Denis;48.938947882696034,2.356334439358093;METRO 13:Basilique de Saint-Denis,TRAM 1:,TRAM 5:Baudelaire
TRAM 5;Baudelaire;48.94212545418621,2.356729741525478;TRAM 5:Marché de Saint-Denis,Roger Sémat
TRAM 5;Roger Sémat;48.94481893175145,2.357006356470642;TRAM 5:Baudelaire,Guynemer
TRAM 5;Guynemer;48.948208126659516,2.3574615262731298;METRO 13:Saint-Denis - Université,TRAM 5:Roger Sémat,Petit Pierrefitte
TRAM 5;Petit Pierrefitte;48.95268018631139,2.357983075325655;TRAM 5:Guynemer,Joncherolles
TRAM 5;Joncherolles;48.95557634708741,2.358322856150864;TRAM 5:Petit Pierrefitte,Suzanne Valadon
TRAM 5;Suzanne Valadon;48.9591210973967,2.358742504475762;TRAM 5:Joncherolles,Mairie de Pierrefitte
TRAM 5;Mairie de Pierrefitte;48.963502347457016,2.360213791734574;TRAM 5:Suzanne Valadon,Alcide d'Orbigny
TRAM 5;Alcide d'Orbigny;48.96562485708989,2.363302264997833;TRAM 5:Mairie de Pierrefitte,Jacques Prévert
TRAM 5;Jacques Prévert;48.97088340331763,2.3660038891143396;TRAM 5:Alcide d'Orbigny,Butte Pinson
TRAM 5;Butte Pinson;48.97359937511041,2.3660669758363624;TRAM 5:Jacques Prévert,Les Cholettes
TRAM 5;Les Cholettes;48.97749308905476,2.372242923708274;TRAM 5:Butte Pinson,Les Flanades
TRAM 5;Les Flanades;48.97666569143144,2.3774196746658713;TRAM 5:Les Cholettes,Paul Valéry
TRAM 5;Paul Valéry;48.97927612534803,2.3802042543251356;TRAM 5:Les Flanades,Lochères
TRAM 5;Lochères;48.978524623371364,2.385049192009275;TRAM 5:Paul Valéry,Garges-Sarcelles
TRAM 5;Garges-Sarcelles;48.97716071456505,2.3906748809330796;TRAM 5:Lochères
TRAM 6;Viroflay Rive Droite;48.80570415393736,2.169070049430457;TRAM 6:Viroflay Rive Gauche
TRAM 6;Viroflay Rive Gauche;48.8010776104959,2.1709674010790323;TRAM 6:Viroflay Rive Droite,Roger Wagner
TRAM 6;Roger Wagner;48.785121412407186,2.178798590270474;TRAM 6:Viroflay Rive Gauche,L’Onde
TRAM 6;L’Onde;48.78198667157913,2.180493750928926;TRAM 6:Roger Wagner,Mairie de Vélizy
TRAM 6;Mairie de Vélizy;48.78045471060945,2.1914099192732954;TRAM 6:L’Onde,Louvois
TRAM 6;Louvois;48.7800871510675,2.1965058124898547;TRAM 6:Mairie de Vélizy,Inovel Parc Nord
TRAM 6;Inovel Parc Nord;48.781404319964466,2.2091292272948757;TRAM 6:Louvois,Dewoitine
TRAM 6;Dewoitine;48.78362462123712,2.214433502050177;TRAM 6:Inovel Parc Nord,Vélizy 2
TRAM 6;Vélizy 2;48.78496976234392,2.2200095168565332;TRAM 6:Dewoitine,Meudon-la-Forêt
TRAM 6;Meudon-la-Forêt;48.783539331844146,2.225280295281189;TRAM 6:Vélizy 2,Georges Millandy
TRAM 6;Georges Millandy;48.78350097478315,2.2309835589388727;TRAM 6:Meudon-la-Forêt,Georges Pompidou
TRAM 6;Georges Pompidou;48.78490216537739,2.237132704968192;TRAM 6:Georges Millandy,Pavé Blanc
TRAM 6;Pavé Blanc;48.7807309682292,2.2398320176249893;TRAM 6:Georges Pompidou,Mail de la Plaine
TRAM 6;Mail de la Plaine;48.783687214304145,2.246977649164128;TRAM 6:Pavé Blanc,Hôpital Béclère
TRAM 6;Hôpital Béclère;48.78669993493103,2.2544627619612347;TRAM 6:Mail de la Plaine,Soleil Levant
TRAM 6;Soleil Levant;48.79033300100723,2.263389166015155;TRAM 6:Hôpital Béclère,Division Leclerc
TRAM 6;Division Leclerc;48.79446888359199,2.272650344658386;TRAM 6:Soleil Levant,Parc André Malraux
TRAM 6;Parc André Malraux;48.79988738225667,2.2819513201694486;TRAM 6:Division Leclerc,Centre de Châtillon
TRAM 6;Centre de Châtillon;48.80420493738209,2.289057253599707;TRAM 6:Parc André Malraux,Vauban
TRAM 6;Vauban;48.80716984591467,2.2940912443188286;TRAM 6:Centre de Châtillon,Châtillon-Montrouge
TRAM 6;Châtillon-Montrouge;48.81060109357363,2.3003574744281328;METRO 13:,TRAM 6:Vauban
TRAM 7;Porte de l'Essonne;48.714512724369065,2.3717471434643644;TRAM 7:Aéroport d'Orly
TRAM 7;Aéroport d'Orly;48.72955072174169,2.3682641286195816;TRAM 7:Porte de l'Essonne,Coeur d'Orly
TRAM 7;Coeur d'Orly;48.73369934616961,2.3714125382197095;TRAM 7:Aéroport d'Orly,Caroline Aigle
TRAM 7;Caroline Aigle;48.73860387113737,2.369907789255685;TRAM 7:Coeur d'Orly,Hélène Boucher
TRAM 7;Hélène Boucher;48.73998742945715,2.3594678210958517;TRAM 7:Caroline Aigle,La Fraternelle
TRAM 7;La Fraternelle;48.74168449221536,2.352795381310017;TRAM 7:Hélène Boucher,Robert Schuman
TRAM 7;Robert Schuman;48.746568585718514,2.3528753413357397;TRAM 7:La Fraternelle,Saarinen
TRAM 7;Saarinen;48.75021318541866,2.3543918069383967;TRAM 7:Robert Schuman,Porte de Rungis
TRAM 7;Porte de Rungis;48.752674349952535,2.3553609890875244;TRAM 7:Saarinen,Place de la Logistique
TRAM 7;Place de la Logistique;48.75281135877708,2.3619521525825644;TRAM 7:Porte de Rungis,La Belle Épine
TRAM 7;La Belle Épine;48.7567010254147,2.3683674663236243;TRAM 7:Place de la Logistique,Porte de Thiais
TRAM 7;Porte de Thiais;48.75957353434082,2.3663980000432177;TRAM 7:La Belle Épine,Auguste Perret
TRAM 7;Auguste Perret;48.76337515206145,2.3677905357348097;TRAM 7:Porte de Thiais,Bretagne
TRAM 7;Bretagne;48.76818987495329,2.3680430008907924;TRAM 7:Auguste Perret,Moulin Vert
TRAM 7;Moulin Vert;48.772074215718376,2.3678150016299617;TRAM 7:Bretagne,Domaine Chérioux
TRAM 7;Domaine Chérioux;48.77893639216541,2.367405864497286;TRAM 7:Moulin Vert,Lamartine
TRAM 7;Lamartine;48.78310754952839,2.367157833315663;TRAM 7:Domaine Chérioux,Villejuif-Louis Aragon
TRAM 7;Villejuif-Louis Aragon;48.787289,2.367025;TRAM 7:Lamartine
TRAM 8;Saint-Denis - Porte de Paris;48.92981642646001,2.357292070882457;METRO 13:,TRAM 8:Pierre De Geyter
TRAM 8;Pierre De Geyter;48.932051821792356,2.3527019843863393;TRAM 8:Saint-Denis - Porte de Paris,Saint-Denis-Gare
TRAM 8;Saint-Denis-Gare;48.93526614489839,2.3478624077555326;TRAM 1:,TRAM 8:Pierre De Geyter,Paul Éluard
TRAM 8;Paul Éluard;48.93968870773788,2.345207505927951;TRAM 8:Saint-Denis-Gare,Delaunay-Belleville
TRAM 8;Delaunay-Belleville;48.94555553830722,2.3473129251675133;TRAM 8:Paul Éluard,César,Blumenthal
TRAM 8;César;48.94958134419662,2.3425218260403136;TRAM 8:Delaunay-Belleville,Jean Vilar
TRAM 8;Jean Vilar;48.952726328977114,2.343461279526826;TRAM 8:César,Pablo Neruda
TRAM 8;Pablo Neruda;48.95667184511062,2.3431092357253793;TRAM 8:Jean Vilar,Villetaneuse-Université
TRAM 8;Villetaneuse-Université;48.95931814324858,2.342053801387075;METRO 11:,TRAM 8:Pablo Neruda
TRAM 8;Blumenthal;48.94780764867852,2.339180923415564;TRAM 8:Delaunay-Belleville,Les Mobiles
TRAM 8;Les Mobiles;48.94993773473648,2.3288321713539437;TRAM 8:Blumenthal,Les Béatus
TRAM 8;Les Béatus;48.9515983827362,2.3207554481259183;TRAM 8:Les Mobiles,Rose Bertin
TRAM 8;Rose Bertin;48.953168245843855,2.3154036121121684;TRAM 8:Les Béatus,Lacépède
TRAM 8;Lacépède;48.95587687396683,2.311526308692632;TRAM 8:Rose Bertin,Gilbert Bonnemaison
TRAM 8;Gilbert Bonnemaison;48.95543742518655,2.30787256835423;TRAM 8:Lacépède,Épinay-sur-Seine-Gare
TRAM 8;Épinay-sur-Seine-Gare;48.955829393006596,2.3019910195900777;TRAM 11:,TRAM 8:Gilbert Bonnemaison,Épinay-Orgemont
TRAM 8;Épinay-Orgemont;48.955504476198016,2.295591694903069;TRAM 8:Épinay-sur-Seine-Gare
TRAM 9;Orly - Gaston Viens;48.74499563733703,2.408318294770455;TRAM 9:Les Saules
TRAM 9;Les Saules;48.746942401684166,2.416320894770815;TRAM 9:Orly - Gaston Viens,Christophe Colomb
TRAM 9;Christophe Colomb;48.75210595275696,2.4169487556092775;TRAM 9:Les Saules,Four-Peary
TRAM 9;Four-Peary;48.75454544301934,2.411900230949817;TRAM 9:Christophe Colomb,Carle-Darthé
TRAM 9;Carle-Darthé;48.75920002855165,2.408875606162367;TRAM 9:Four-Peary,Rouget de Lisle
TRAM 9;Rouget de Lisle;48.7639148701563,2.405808944037218;TRAM 9:Carle-Darthé,Verdun Hoche
TRAM 9;Verdun Hoche;48.76844235795597,2.4028603221912608;TRAM 9:Rouget de Lisle,Trois communes
TRAM 9;Trois communes;48.772988142713245,2.3993596186120882;TRAM 9:Verdun Hoche,Watteau - Rondenay
TRAM 9;Watteau - Rondenay;48.77866969648307,2.3963579030386173;TRAM 9:Trois communes,Constant Coquelin
TRAM 9;Constant Coquelin;48.78300538457716,2.39383827034194;TRAM 9:Watteau - Rondenay,Camille Groult
TRAM 9;Camille Groult;48.78567213418671,2.3919914554961133;TRAM 9:Constant Coquelin,Mairie de Vitry-sur-Seine
TRAM 9;Mairie de Vitry-sur-Seine;48.790428593602186,2.3882351403366835;TRAM 9:Camille Groult,Musée MAC VAL
TRAM 9;Musée MAC VAL;48.792891568386196,2.3862066546438614;TRAM 9:Mairie de Vitry-sur-Seine,Beethoven - Concorde
TRAM 9;Beethoven - Concorde;48.798822652048656,2.381510971736228;TRAM 9:Musée MAC VAL,Germaine Tailleferre
TRAM 9;Germaine Tailleferre;48.80334774756402,2.3777912306875906;TRAM 9:Beethoven - Concorde,La Briqueterie
TRAM 9;La Briqueterie;48.80721433193957,2.3749115993548338;TRAM 9:Germaine Tailleferre,Cimetière Parisien d'Ivry
TRAM 9;Cimetière Parisien d'Ivry;48.81262937520647,2.3706612489603813;TRAM 9:La Briqueterie,Châteaudun - Barbès
TRAM 9;Châteaudun - Barbès;48.815568954563055,2.368339634703194;TRAM 9:Cimetière Parisien d'Ivry,Porte de Choisy
TRAM 9;Porte de Choisy;48.819453686072855,2.36519093257928;METRO 7:,TRAM 3a:,TRAM 9:Châteaudun - Barbès
TRAM 11;Le Bourget;48.930287860881215,2.42338510679798;TRAM 11:Dugny - La Courneuve
TRAM 11;Dugny - La Courneuve;48.94393432474906,2.411121754896824;TRAM 11:Le Bourget,Stains La Cerisaie
TRAM 11;Stains La Cerisaie;48.954730747559836,2.3917951396342727;TRAM 11:Dugny - La Courneuve,Pierrefitte Stains
TRAM 11;Pierrefitte Stains;48.960134541367836,2.36725658347263;TRAM 11:Stains La Cerisaie,Villetaneuse - Université
TRAM 11;Villetaneuse - Université;48.9600057915101,2.342368597492501;TRAM 8:,TRAM 11:Pierrefitte Stains,Épinay Villetaneuse
TRAM 11;Épinay Villetaneuse;48.95900165454157,2.328351882874333;TRAM 11:Villetaneuse - Université,Épinay-sur-Seine
TRAM 11;Épinay-sur-Seine;48.95456256185859,2.302305082030493;TRAM 8:,TRAM 11:Épinay Villetaneuse
TRAM 13;Saint-Cyr;48.79900980991476,2.0747465772642175;TRAM 13:Les Portes de Saint-Cyr
TRAM 13;Les Portes de Saint-Cyr;48.8066169784458,2.077227624843006;TRAM 13:Saint-Cyr,Allée Royale
TRAM 13;Allée Royale;48.81564572800231,2.078833468689223;TRAM 13:Les Portes de Saint-Cyr,Bailly
TRAM 13;Bailly;48.837052611124356,2.0744435747033823;TRAM 13:Allée Royale,Noisy-le-Roi
TRAM 13;Noisy-le-Roi;48.84130814594481,2.0614519846135204;TRAM 13:Bailly,Saint-Nom La Bretèche - Forêt de Marly
TRAM 13;Saint-Nom La Bretèche - Forêt de Marly;48.86795014187181,2.050825950305097;TRAM 13:Noisy-le-Roi,L'Etang - Les Sablons
TRAM 13;L'Etang - Les Sablons;48.87215410539295,2.0687099863177365;TRAM 13:Saint-Nom La Bretèche - Forêt de Marly,Mareil-Marly
TRAM 13;Mareil-Marly;48.880991439830055,2.079177394694269;TRAM 13:L'Etang - Les Sablons,Fourqueux - Bel Air
TRAM 13;Fourqueux - Bel Air;48.8947371484561,2.069974306780278;TRAM 13:Mareil-Marly,Lisière Pereire
TRAM 13;Lisière Pereire;48.90320461453163,2.0729714565656736;TRAM 13:Fourqueux - Bel Air,Camp des Loges
TRAM 13;Camp des Loges;48.91391884984584,2.0816759384228316;TRAM 13:Lisière Pereire,Saint-Germain-en-Laye
TRAM 13;Saint-Germain-en-Laye;48.90171349350791,2.0952137438353384;TRAM 13:Camp des Loges